objectid,filename,title,creator,contribution,publication,publisher,place,date,description,controlled-vocab,subject,page,issue,latitude,longitude,collection,identifier,format-original,type,format,language,rights,rightsstatement
josephy-ab001,,"Cardenas, Indian Idol",Alvin Josephy,author,Digest,,,1937-10-23,"Alvin Josephy on Mexican President Cardena's relationship with native Indians, written for Digest, Vol 1; No. 15, beginning on page 18",,Mexico; indians,18,Vol 1; No. 15,,,"Alvin Josephy, Jr. Annotaged Bibliography",Cardenas-Indian-Idol,article,record,listing,eng,,
josephy-ab002,https://www.ebay.com/itm/RARE-KEN-magazine-May-5-1938-ERNEST-HEMINGWAY-LEON-TROTSKY-/333164072129,Bomb in a Pail of Water,Alvin Josephy,author,Ken,,,1938-05-05,"Alvin Josephy interview with Leon Trotsky, written for Ken, Vol 1; No. 3, beginning on page 24",,leon trotsky; ,24,Vol 1; No. 3,,,"Alvin Josephy, Jr. Annotaged Bibliography",Bomb-in-a-Pail-of-Water,article,record,listing,eng,,
josephy-ab003,,Condors Don't Pay Taxes,Alvin Josephy,author,Blue Book,,,1951-06-01,"Alvin Josephy on California condor, written for Blue Book, Vol 93; No 2, beginning on page 52",,California condor,52,Vol 93; No 2,,,"Alvin Josephy, Jr. Annotaged Bibliography",Condors-Don-t-Pay-Taxes,article,record,listing,eng,,
josephy-ab004,,The Naming of the Nez Perce,Alvin Josephy,author,Montana,,,1955-10-01,"Alvin Josephy on History of the naming of the Nez Perce, written for Montana, Vol 5; No 4, beginning on page 1",,nez perce; naming; native americans,1,Vol 5; No 4,,,"Alvin Josephy, Jr. Annotaged Bibliography",The-Naming-of-the-Nez-Perce,article,record,listing,eng,,
josephy-ab005,,First 'Dude Ranch' Trip to the Untamed West,Alvin Josephy,author,American Heritage,,,1956-02-01,"Alvin Josephy on Sir William Stewart's hunting party of 1843, written for American Heritage, Vol 7; No. 2, beginning on page 8",,sir wiliam stewart; hunting,8,Vol 7; No. 2,,,"Alvin Josephy, Jr. Annotaged Bibliography",First-Dude-Ranch-Trip-to-the-Untamed-West,article,record,listing,eng,,
josephy-ab006,,The Lolo Trail,Alvin Josephy,author,Westerners,,,1958-01-01,"Alvin Josephy on Trader-explorer David Thompson and the history of Lolo Trail, written for Westerners, Vol 4; No 4, beginning on page 82",,lolo trail; david thompson; trade; exploration,82,Vol 4; No 4,,,"Alvin Josephy, Jr. Annotaged Bibliography",The-Lolo-Trail,article,record,listing,eng,,
josephy-ab007,,The Last Stand of Chief Joseph,Alvin Josephy,author,American Heritage,,,1958-02-01,"Alvin Josephy on Nez Perce's great 1,300 miles fighting retreat, written for American Heritage, Vol 9; No. 2, beginning on page 36",,nez perce; nez perce war; chief josephy; retreat; war; native americans,36,Vol 9; No. 2,,,"Alvin Josephy, Jr. Annotaged Bibliography",The-Last-Stand-of-Chief-Joseph,article,record,listing,eng,,
josephy-ab008,,Was America Discovered Before Columbus?,Alvin Josephy,author,American Heritage,,,1958-04-01,"Alvin Josephy on Portugese discovery of the New World by 1424, written for American Heritage, Vol 6; No. 3, beginning on page 16",,portugese; discovery; new world,16,Vol 6; No. 3,,,"Alvin Josephy, Jr. Annotaged Bibliography",Was-America-Discovered-Before-Columbus-,article,record,listing,eng,,
josephy-ab009,,A Man to Match the Mountains,Alvin Josephy,author,American Heritage,,,1960-10-01,"Alvin Josephy on David Thompson, explorer and land geographer of the New World, written for American Heritage, Vol 11; No 6, beginning on page 60",,david thompson; geography; map making,60,Vol 11; No 6,,,"Alvin Josephy, Jr. Annotaged Bibliography",A-Man-to-Match-the-Mountains,article,record,listing,eng,,
josephy-ab010,,Revolt in the Pueblos,Alvin Josephy,author,American Heritage,,,1961-06-01,"Alvin Josephy on Pueblo uprising of 1680, written for American Heritage, Vol 12; No 4, beginning on page 65",,pueblo indians; uprising; war; native americans,65,Vol 12; No 4,,,"Alvin Josephy, Jr. Annotaged Bibliography",Revolt-in-the-Pueblos,article,record,listing,eng,,
josephy-ab011,,These lands are ours . . . ',Alvin Josephy,author,American Heritage,,,1961-08-01,"Alvin Josephy on Tecumseh's leadership greatness, written for American Heritage, Vol 12; No 5, beginning on page 14",,tecumseh; native americans,14,Vol 12; No 5,,,"Alvin Josephy, Jr. Annotaged Bibliography",These-lands-are-ours-,article,record,listing,eng,,
josephy-ab012,,The Funeral of Peter Dan Moses,Alvin Josephy,author,Westerners,,,1962-01-01,"Alvin Josephy on The funeral of Peter Dan Moses marked the passing of another colorful, prominent NW Indian Leader, written for Westerners, Vol 9; No 3, beginning on page 64",,northwest; native americans;,64,Vol 9; No 3,,,"Alvin Josephy, Jr. Annotaged Bibliography",The-Funeral-of-Peter-Dan-Moses,article,record,listing,eng,,
josephy-ab013,,Origins of the Nez Perce People,Alvin Josephy,author,Idaho Yesterdays,,,1962-03-01,"Alvin Josephy on Aboriginal wanderers from Asia settled among Clearwater, Salmon, and Wallowa Country, written for Idaho Yesterdays, Vol 6; No 1, beginning on page 2",,aboriginals; native americans; northwest,2,Vol 6; No 1,,,"Alvin Josephy, Jr. Annotaged Bibliography",Origins-of-the-Nez-Perce-People,article,record,listing,eng,,
josephy-ab014,,A Letter from Broken Hand,Alvin Josephy,author,Westerners,,,1963-01-01,"Alvin Josephy on 1847 letter by Tom Fitzpatrick, early Indian agent appointed to the western plains, edited by A. Josephy, written for Westerners, Vol 10; No 2, beginning on page 25",,tom fitzpatrick; native americans; western plains,25,Vol 10; No 2,,,"Alvin Josephy, Jr. Annotaged Bibliography",A-Letter-from-Broken-Hand,article,record,listing,eng,,
josephy-ab015,,Another Letter from Broken Hand,Alvin Josephy,author,Westerners,,,1963-01-01,"Alvin Josephy on 1847 letter by Tom Fitzpatrick to Thomas H. Harvery, Supt. Of Indian Affairs, edited by A. Josephy, written for Westerners, Vol 10; No 4, beginning on page 75",,tom fitzpatrick; native americans; western plains,75,Vol 10; No 4,,,"Alvin Josephy, Jr. Annotaged Bibliography",Another-Letter-from-Broken-Hand,article,record,listing,eng,,
josephy-ab016,,"Tom Fitzpatrick, 1848",Alvin Josephy,author,Westerners,,,1964-01-01,"Alvin Josephy on 1848 letter by Tom Fitzpatrick, mountain man, emigrant guide, and Indian Agent, edited by A. Josephy, written for Westerners, Vol 11; No 3, beginning on page 57",,tom fitzpatrick; native americans; western plains,57,Vol 11; No 3,,,"Alvin Josephy, Jr. Annotaged Bibliography",Tom-Fitzpatrick-1848,article,record,listing,eng,,
josephy-ab017,,New Light on the Early Northwest,Alvin Josephy,author,Westerners,,,1965-01-01,"Alvin Josephy on La Gasse and Le Blanc, first white men known to have entered the upper Basin of the Columbia River, written for Westerners, Vol 12; No 3, beginning on page 49",,la gasse; le blanc; white men; columbia river basin;,49,Vol 12; No 3,,,"Alvin Josephy, Jr. Annotaged Bibliography",New-Light-on-the-Early-Northwest,article,record,listing,eng,,
josephy-ab018,,A Most Satisfactory Council,Alvin Josephy,author,American Heritage,,,1965-10-01,"Alvin Josephy on Walla Walla Council of 1855, written for American Heritage, Vol 16; No 6, beginning on page 27",,walla walla; walla walla council of 1855;,27,Vol 16; No 6,,,"Alvin Josephy, Jr. Annotaged Bibliography",A-Most-Satisfactory-Council,article,record,listing,eng,,
josephy-ab019,,Ordeal in Hell's Canyon,Alvin Josephy,author,American Heritage,,,1966-12-01,"Alvin Josephy on John Jacob Astor's fur traders' discover the chasm of Idaho's Snake River, written for American Heritage, Vol 18; No 1, beginning on page 72",,john jacob astor; fur trade; snake river,72,Vol 18; No 1,,,"Alvin Josephy, Jr. Annotaged Bibliography",Ordeal-in-Hell-s-Canyon,article,record,listing,eng,,
josephy-ab020,,Early Man in the Americas,Alvin Josephy,author,Westerners,,,1967-01-01,"Alvin Josephy on Origin of early mankind in the Americas, written for Westerners, Vol 14; No 1, beginning on page 8",,early mankind; native americans,8,Vol 14; No 1,,,"Alvin Josephy, Jr. Annotaged Bibliography",Early-Man-in-the-Americas,article,record,listing,eng,,
josephy-ab021,,Nez Perces and The Appaloosa Horse . . . .False History:,Alvin Josephy,author,Westerners,,,1967-01-01,"Alvin Josephy on Nez Perce and the Appaloosa, written for Westerners, Vol 14; No 4, beginning on page 73",,appaloosa; nez perce; native americans,73,Vol 14; No 4,,,"Alvin Josephy, Jr. Annotaged Bibliography",Nez-Perces-and-The-Appaloosa-Horse-False-History-,article,record,listing,eng,,
josephy-ab022,,Reply to Dr. Haines,Alvin Josephy,author,Westerners,,,1968-01-01,"Alvin Josephy on Nez Perce and the Appaloosa, written for Westerners, Vol 15; No 1, beginning on page 15",,appaloosa; nez perce; native americans,15,Vol 15; No 1,,,"Alvin Josephy, Jr. Annotaged Bibliography",Reply-to-Dr-Haines,article,record,listing,eng,,
josephy-ab023,,Two Gamy Letters from Fort Yuma,Alvin Josephy,author,Westerners,,,1968-01-01,"Alvin Josephy on Sylvester Mowry, Arizona pioneer, written for Westerners, Vol 15; No 2, beginning on page 28",,Sylvester Mowry; pioneers; Arizona,28,Vol 15; No 2,,,"Alvin Josephy, Jr. Annotaged Bibliography",Two-Gamy-Letters-from-Fort-Yuma,article,record,listing,eng,,
josephy-ab024,,"Cornplanter, Can You Swim?",Alvin Josephy,author,American Heritage,,,1968-12-01,"Alvin Josephy on Kinzua Dam floods the Senecas' ancestral lands, written for American Heritage, Vol 20; No 1, beginning on page 4",,senecas; native americans; kinzua dam,4,Vol 20; No 1,,,"Alvin Josephy, Jr. Annotaged Bibliography",Cornplanter-Can-You-Swim-,article,record,listing,eng,,
josephy-ab025,,Everybody's Talking,Alvin Josephy,author,Great Plains Journal,,,1969-09-01,"Alvin Josephy on Historians, challenges and role, written for Great Plains Journal, , beginning on page 1",,historians; scholarship,1,,,,"Alvin Josephy, Jr. Annotaged Bibliography",Everybody-s-Talking,article,record,listing,eng,,
josephy-ab026,,The Boy Artist of Red River,Alvin Josephy,author,American Heritage,,,1970-02-01,"Alvin Josephy on Peter Rindisbacker, 19th Century artist, captured lives of Indians and white pioneers, written for American Heritage, Vol 21; No 2, beginning on page 30",,Peter Rindisbacker; artists; native americans; whites,30,Vol 21; No 2,,,"Alvin Josephy, Jr. Annotaged Bibliography",The-Boy-Artist-of-Red-River,article,record,listing,eng,,
josephy-ab027,,Here in Nevada a Terrible Crime...',Alvin Josephy,author,American Heritage,,,1970-06-01,"Alvin Josephy on Nevada's Pyramid Lake, victim of the plundering of natural resources, written for American Heritage, Vol 21; No 4, beginning on page 93",,Nevada; pyramid lake;natural resources,93,Vol 21; No 4,,,"Alvin Josephy, Jr. Annotaged Bibliography",Here-in-Nevada-a-Terrible-Crime-,article,record,listing,eng,,
josephy-ab028,,Indians in History,Alvin Josephy,author,Atlantic,,,1970-06-01,"Alvin Josephy on White historians' failure to know Indian history and nature, written for Atlantic, Vol 225; No 6, beginning on page 67",,Whites; native americans; environmental consciousness; history;,67,Vol 225; No 6,,,"Alvin Josephy, Jr. Annotaged Bibliography",Indians-in-History,article,record,listing,eng,,
josephy-ab029,,The Hudson's Bay Company and the American Indians,Alvin Josephy,author,Westerners,,,1971-01-01,"Alvin Josephy on History of Company's relationship with & treatment of American Indians, written for Westerners, Vol 18; No 2, beginning on page 28",,Hudson Bay Company; native americans; history,28,Vol 18; No 2,,,"Alvin Josephy, Jr. Annotaged Bibliography",The-Hudson-s-Bay-Company-and-the-American-Indians,article,record,listing,eng,,
josephy-ab030,,The Hudson's Bay Company and the American Indians - II,Alvin Josephy,author,Westerners,,,1971-01-01,"Alvin Josephy on History of Company's relationship with & treatment of American Indians, written for Westerners, Vol 18; No 3, beginning on page 59",,Hudson Bay Company; native americans; history,59,Vol 18; No 3,,,"Alvin Josephy, Jr. Annotaged Bibliography",The-Hudson-s-Bay-Company-and-the-American-Indians-II,article,record,listing,eng,,
josephy-ab031,,The Hudson's Bay Company and the American Indians - III,Alvin Josephy,author,Westerners,,,1971-01-01,"Alvin Josephy on History of Company's relationship with & treatment of American Indians, written for Westerners, Vol 18; No 4, beginning on page 78",,History of Company's relationship with & treatment of American Indians,78,Vol 18; No 4,,,"Alvin Josephy, Jr. Annotaged Bibliography",The-Hudson-s-Bay-Company-and-the-American-Indians-III,article,record,listing,eng,,
josephy-ab032,,The Murder of the Southwest,Alvin Josephy,author,Audubon,,,1971-07-01,"Alvin Josephy on Impact on Indian lands of Dept. of the Interior approved strip-mining for coal, written for Audubon, Vol 73; No 4, beginning on page 52",,native americans; department of the interior; bureacracy; mining; coal; natural resources,52,Vol 73; No 4,,,"Alvin Josephy, Jr. Annotaged Bibliography",The-Murder-of-the-Southwest,article,record,listing,eng,,
josephy-ab033,,The Custer Myth,Alvin Josephy,author,Life,,,1971-07-02,"Alvin Josephy on The battle of Little Bighorn, written for Life, Vol 71; No. 1, beginning on page 49",,war; native americans; little bighorn; sioux; general custer,49,Vol 71; No. 1,,,"Alvin Josephy, Jr. Annotaged Bibliography",The-Custer-Myth,article,record,listing,eng,,
josephy-ab034,,"120 Centuries of a Noble Heritage, Part 1",Alvin Josephy,author,On the Sound,,,1972-01-01,"Alvin Josephy on History of American Indians along Long Island Sound, written for On the Sound, Vol 2; No 1, beginning on page 80",,native americans; history; long island sound,80,Vol 2; No 1,,,"Alvin Josephy, Jr. Annotaged Bibliography",120-Centuries-of-a-Noble-Heritage-Part-1,article,record,listing,eng,,
josephy-ab035,,"Indians of the Sound, Part 2",Alvin Josephy,author,On the Sound,,,1972-02-01,"Alvin Josephy on History of American Indians of Long Island Sound from the 17th Century on, written for On the Sound, Vol 2; No 2, beginning on page 72",,native americans; history; long island sound,72,Vol 2; No 2,,,"Alvin Josephy, Jr. Annotaged Bibliography",Indians-of-the-Sound-Part-2,article,record,listing,eng,,
josephy-ab036,,By Fayre and Gentle Means,Alvin Josephy,author,American West,,,1972-09-01,"Alvin Josephy on The Hudson's Bay Company and the American Indian, written for American West, Vol 9; No 5, beginning on page 4",,Hudson Bay Company; native americans; history,4,Vol 9; No 5,,,"Alvin Josephy, Jr. Annotaged Bibliography",By-Fayre-and-Gentle-Means,article,record,listing,eng,,
josephy-ab037,,The Hopi Way,Alvin Josephy,author,American Heritage,,,1973-02-01,"Alvin Josephy on Traditionalists' prescription for a happier, more meaningful life & the threat of strip mining on their communities, written for American Heritage, Vol 24; No 2, beginning on page 49",,native americans; department of the interior; bureacracy; mining; coal; natural resources,49,Vol 24; No 2,,,"Alvin Josephy, Jr. Annotaged Bibliography",The-Hopi-Way,article,record,listing,eng,,
josephy-ab038,,Wounded Knee and All That ...,Alvin Josephy,author,New York Times,,,1973-03-19,"Alvin Josephy on Indian-US government relations & recent protests, written for New York Times, , beginning on page 18",,Indian-US government relations & recent protests,18,,,,"Alvin Josephy, Jr. Annotaged Bibliography",Wounded-Knee-and-All-That-,article,record,url,eng,,
josephy-ab039,,Agony of the Nothern Plains,Alvin Josephy,author,Audubon,,,1973-07-01,"Alvin Josephy on Impact on northern plains of the 1971 ""North Central Power Study"", written for Audubon, Vol 75; No 4, beginning on page 68",,northern plains; electric power,68,Vol 75; No 4,,,"Alvin Josephy, Jr. Annotaged Bibliography",Agony-of-the-Nothern-Plains,article,record,listing,eng,,
josephy-ab040,,Freedom for the American Indian,Alvin Josephy,author,Critic,,,1973-09-01,"Alvin Josephy on Summary of Indian-White relations since earliest contact, written for Critic, Vol 32; No 1, beginning on page 18",,Whites; native americans; first contact; history;,18,Vol 32; No 1,,,"Alvin Josephy, Jr. Annotaged Bibliography",Freedom-for-the-American-Indian,article,record,listing,eng,,
josephy-ab041,,The Splendid Indians of Edward S. Curtis,Alvin Josephy,author,American Heritage,,,1974-02-01,"Alvin Josephy on Curtis's corpus, The North American Indian, written for American Heritage, Vol 25; No 2, beginning on page 40",,Edward S. Curtis; native americans,40,Vol 25; No 2,,,"Alvin Josephy, Jr. Annotaged Bibliography",The-Splendid-Indians-of-Edward-S-Curtis,article,record,listing,eng,,
josephy-ab042,,Dr. Strangelove builds a canal,Alvin Josephy,author,Audubon,,,1975-03-01,"Alvin Josephy on Impact of Bureau of Reclamation's irrigation plans on North Dakota farmers, written for Audubon, Vol 77; No 2, beginning on page 76",,Bureau of Reclamation; irrigation; North Dakota; farmers,76,Vol 77; No 2,,,"Alvin Josephy, Jr. Annotaged Bibliography",Dr-Strangelove-builds-a-canal,article,record,listing,eng,,
josephy-ab043,,Kaiparowits: the ultimate obscenity,Alvin Josephy,author,Audubon,,,1976-03-01,"Alvin Josephy on Impact of powerplants in the four-state corner of the West., written for Audubon, Vol 78; No 2, beginning on page 64",,electric power; northwest,64,Vol 78; No 2,,,"Alvin Josephy, Jr. Annotaged Bibliography",Kaiparowits-the-ultimate-obscenity,article,record,listing,eng,,
josephy-ab044,,Book Recommendations,Alvin Josephy,author,Smithsonian,,,1976-07-01,"Alvin Josephy reviews/recommends The Closing Circle by Barry Commoner, written for Smithsonian, Vol 7; No 4, beginning on page 127",,book review,127,Vol 7; No 4,,,"Alvin Josephy, Jr. Annotaged Bibliography",Book-Recommendations,article,record,listing,eng,,
josephy-ab045,,A Sojourn Among the Indians,Alvin Josephy,author,Natural History,,,1977-02-01,"Alvin Josephy reviews People of the First Man, edited by Davis Thomas and Karin Ronnefeldt, written for Natural History, Vol 86; No 2, beginning on page 94",,book review; ,94,Vol 86; No 2,,,"Alvin Josephy, Jr. Annotaged Bibliography",A-Sojourn-Among-the-Indians,article,record,listing,eng,,
josephy-ab046,,Keynote Address,Alvin Josephy,author,Proceedings,,,1978-09-01,"Alvin Josephy speech to conference of environmentalists and sheep producers, written for Proceedings, , beginning on page 2",,A. Josephy's speech to conference of environmentalists and sheep producers,2,,,,"Alvin Josephy, Jr. Annotaged Bibliography",Keynote-Address,article,record,listing,eng,,
josephy-ab047,,Iwo Jima,Alvin Josephy,author,American Heritage,,,1981-06-01,"Alvin Josephy on Marine combat correspondent recalls the deadliest battle of the Pacific war, written for American Heritage, Vol 32; No 4, beginning on page 92",,war; pacific war; iwo jima; marines,92,Vol 32; No 4,,,"Alvin Josephy, Jr. Annotaged Bibliography",Iwo-Jima,article,record,listing,eng,,
josephy-ab048,,Iwo Jima,Alvin Josephy,author,Col. Heinl 1982 Mem. Award,,,1982-01-01,"Alvin Josephy on Marine combat correspondent recalls deadliest battle of the Pacific war, written for Col. Heinl 1982 Mem. Award, , beginning on page 37",,war; pacific war; iwo jima; marines,37,,,,"Alvin Josephy, Jr. Annotaged Bibliography",Iwo-Jima,article,record,listing,eng,,
josephy-ab049,,Awesome Space,Alvin Josephy,author,History News,,,1982-06-01,"Alvin Josephy on Speculations on interpretations of the Old West, written for History News, Vol 37; No 6, beginning on page 26",,old west; history,26,Vol 37; No 6,,,"Alvin Josephy, Jr. Annotaged Bibliography",Awesome-Space,article,record,listing,eng,,
josephy-ab050,,One Way to Spell Man,Alvin Josephy,author,American West,,,1982-09-01,"Alvin Josephy reviews Wallace Stegner's One Way to Spell Man: Essays with a Western Bias, written for American West, Vol 19; No 5, beginning on page 64",,book review; wallace stegner; native americans; whites,64,Vol 19; No 5,,,"Alvin Josephy, Jr. Annotaged Bibliography",One-Way-to-Spell-Man,article,record,listing,eng,,
josephy-ab051,,Whose Old West Is Disappearing?,Alvin Josephy,author,American West,,,1982-11-01,"Alvin Josephy on Celebration of cowboys, cow ponies, and cow country, written for American West, Vol 19; No 6, beginning on page 32",,cowboys; ponies; cows; ,32,Vol 19; No 6,,,"Alvin Josephy, Jr. Annotaged Bibliography",Whose-Old-West-Is-Disappearing-,article,record,listing,eng,,
josephy-ab052,,The Blood of Abel,Alvin Josephy,author,American West,,,1983-05-01,"Alvin Josephy on 1863 murder of Lloyd Magruder and swift justice in frontier Idaho, written for American West, Vol 20; No 3, beginning on page 31",,idaho; lloyd magruder; murder; western justice,31,Vol 20; No 3,,,"Alvin Josephy, Jr. Annotaged Bibliography",The-Blood-of-Abel,article,record,listing,eng,,
josephy-ab053,,View from the West,Alvin Josephy,author,American West,,,1984-03-01,"Alvin Josephy on Impact of media attitude to natural resource policies, written for American West, Vol 21; No 2, beginning on page 6",,media; natural resources; environmental consciousness; bureacracy,6,Vol 21; No 2,,,"Alvin Josephy, Jr. Annotaged Bibliography",View-from-the-West,article,record,listing,eng,,
josephy-ab054,,The Blood of Abel,Alvin Josephy,author,Journal,,,1985-03-01,"Alvin Josephy on 1863 murder of Lloyd Magruder and swift justice in frontier Idaho, written for Journal, Vol 4; No 1, beginning on page 4",,idaho; lloyd magruder; murder; western justice,4,Vol 4; No 1,,,"Alvin Josephy, Jr. Annotaged Bibliography",The-Blood-of-Abel,article,record,listing,eng,,
josephy-ab055,,Those Pants that Levi Gave Us,Alvin Josephy,author,American West,,,1985-07-01,"Alvin Josephy on History of Levi Strauss and his world-famous pants, written for American West, Vol 22; No 4, beginning on page 30",,levi strauss; jeans; western histor,30,Vol 22; No 4,,,"Alvin Josephy, Jr. Annotaged Bibliography",Those-Pants-that-Levi-Gave-Us,article,record,listing,eng,,
josephy-ab056,,Andy Warhol Meets Sitting Bull,Alvin Josephy,author,American West,,,1986-01-01,"Alvin Josephy on Warhol's silk-screen prints, ""Cowboys and Indians"", written for American West, Vol 23; No 1, beginning on page 42",,andy warhol; native americans; whites; cowboys;,42,Vol 23; No 1,,,"Alvin Josephy, Jr. Annotaged Bibliography",Andy-Warhol-Meets-Sitting-Bull,article,record,listing,eng,,
josephy-ab057,,Looking for Finegayan,Alvin Josephy,author,American West,,,1986-11-01,"Alvin Josephy on A Marine returns to Guam, written for American West, Vol 23; No 6, beginning on page 44",,guam; war; marines,44,Vol 23; No 6,,,"Alvin Josephy, Jr. Annotaged Bibliography",Looking-for-Finegayan,article,record,listing,eng,,
josephy-ab058,,In Search of the Old West,Alvin Josephy,author,Oregon Humanities,,,1992-12-01,"Alvin Josephy on A. Josephy reflects on the transitioning Old West beginning with his 1934 cross-country bus ride, written for Oregon Humanities, , beginning on page 2",,history; native americans; whites; stereotypes,2,,,,"Alvin Josephy, Jr. Annotaged Bibliography",In-Search-of-the-Old-West,article,record,listing,eng,,
josephy-ab059,,I Have Seen the Elephant,Alvin Josephy,author,Western Historical Quarterly,,,1995-03-01,"Alvin Josephy on Presidential address at Western History Association's 34th annual conference, written for Western Historical Quarterly, Vol 26; No 1, beginning on page 4",,presidents,4,Vol 26; No 1,,,"Alvin Josephy, Jr. Annotaged Bibliography",I-Have-Seen-the-Elephant,article,record,listing,eng,,
josephy-ab060,,A Responsibility of Western Historians,Alvin Josephy,author,Journal of the West,,,2000-06-01,"Alvin Josephy on Avoiding stereotypes to provide a true knowledge of transition from Old West to New West, written for Journal of the West, Vol 39; No 3, beginning on page 6",,history; native americans; whites; stereotypes,6,Vol 39; No 3,,,"Alvin Josephy, Jr. Annotaged Bibliography",A-Responsibility-of-Western-Historians,article,record,listing,eng,,
josephy-ab061,,The American Heritage History of the Congress of the United States,Alvin Josephy Jr.,author,,American Heritage Publishing. Co.,"New York, NY",1975,,,,,,,,"Alvin Josephy, Jr. Annotaged Bibliography",The-American-Heritage-History-of-the-Congress-of-the-United-States,book,record,listing,eng,,
josephy-ab062,,The Artist Was a Young Man,Alvin Josephy Jr.,author,,Amon Carter Museum,"Fort Worth, TX",1970,Note: edition in French as well,,,,,,,"Alvin Josephy, Jr. Annotaged Bibliography",The-Artist-Was-a-Young-Man,book,record,listing,eng,,
josephy-ab063,,"Black Hills, White Sky",Alvin Josephy Jr.,author,,New York Times Books,"New York, NY",1978,,,,,,,,"Alvin Josephy, Jr. Annotaged Bibliography",Black-Hills-White-Sky,book,record,listing,eng,,
josephy-ab064,,Chief Joseph’s People and Their War,Alvin Josephy Jr.,author,,Yellowstone Library and Museum Association,Wyoming,1964,,,,,,,,"Alvin Josephy, Jr. Annotaged Bibliography",Chief-Joseph-s-People-and-Their-War,book,record,listing,eng,,
josephy-ab065,,The Civil War in the American West,Alvin Josephy Jr.,author,,Knopf,"New York, NY",1991,,,,,,,,"Alvin Josephy, Jr. Annotaged Bibliography",The-Civil-War-in-the-American-West,book,record,listing,eng,,
josephy-ab066,,500 Nations: An Illustrated History of American Indians,Alvin Josephy Jr.,author,,Knopf,"New York, NY",1994,"Note: Second edition -- Gramercy Books, 2002",,,,,,,"Alvin Josephy, Jr. Annotaged Bibliography",500-Nations-An-Illustrated-History-of-American-Indians,book,record,listing,eng,,
josephy-ab067,,The Indian Heritage of America,Alvin Josephy Jr.,author,,Knopf,"New York, NY",1968,,,,,,,,"Alvin Josephy, Jr. Annotaged Bibliography",The-Indian-Heritage-of-America,book,record,listing,eng,,
josephy-ab068,,The Long and the Short and the Tall,Alvin Josephy Jr.,author,,Knopf,"New York, NY",1946,"Note: reprinted Zenger Publishing Co., Washington DC, 1979",,,,,,,"Alvin Josephy, Jr. Annotaged Bibliography",The-Long-and-the-Short-and-the-Tall,book,record,listing,eng,,
josephy-ab069,,"The Longest Trail: Writings on American Indian History, Culture and Politics",Alvin Josephy Jr.,author,,Vintage Books,"New York, NY",2015,Note: edited by Marc Jaffe and Rich Wandschneider,,,,,,,"Alvin Josephy, Jr. Annotaged Bibliography",The-Longest-Trail-Writings-on-American-Indian-History-Culture-and-Politics,book,record,listing,eng,,
josephy-ab070,,Nez Perce Country,Alvin Josephy Jr.,author,,University of Nebraska Press,"Lincoln, NE",2007,Note: (introduction by Jeremy FiveCrows),,,,,,,"Alvin Josephy, Jr. Annotaged Bibliography",Nez-Perce-Country,book,record,listing,eng,,
josephy-ab071,,The Nez Perce and the Opening of the Northwest,Alvin Josephy Jr.,author,,Yale University Press,,1965,"Note: abridged edition, Yale, 1971; University of Nebraska Press, 1979",,,,,,,"Alvin Josephy, Jr. Annotaged Bibliography",The-Nez-Perce-and-the-Opening-of-the-Northwest,book,record,listing,eng,,
josephy-ab072,,Now That the Buffalo’s Gone,Alvin Josephy Jr.,author,,Knopf,"New York, NY",1984,,,,,,,,"Alvin Josephy, Jr. Annotaged Bibliography",Now-That-the-Buffalo-s-Gone,book,record,listing,eng,,
josephy-ab073,,On the Hill: A History of the American Congress,Alvin Josephy Jr.,author,,Simon and Schuster,"New York, NY",1979,,,,,,,,"Alvin Josephy, Jr. Annotaged Bibliography",On-the-Hill-A-History-of-the-American-Congress,book,record,listing,eng,,
josephy-ab074,,The Patriot Chiefs,Alvin Josephy Jr.,author,,Viking Press,"New York, NY",1961,"Note: British edition, 1962; revised edition published by Penguin Books, 1993",,,,,,,"Alvin Josephy, Jr. Annotaged Bibliography",The-Patriot-Chiefs,book,record,listing,eng,,
josephy-ab075,,US Marines on Iwo Jima,Alvin Josephy Jr. ,author,,Dial Press,,1945,,,,,,,,"Alvin Josephy, Jr. Annotaged Bibliography",US-Marines-on-Iwo-Jima,book,record,listing,eng,,
josephy-ab076,,A Walk Toward Oregon: a memoir,Alvin Josephy Jr.,author,,Knopf,"New York, NY",2000,,,,,,,,"Alvin Josephy, Jr. Annotaged Bibliography",A-Walk-Toward-Oregon-a-memoir,book,record,listing,eng,,
josephy-ab077,,Wounded Knee: Lest We Forget,Alvin Josephy Jr.,author,,Buffalo Bill Historical Center,"Cody, WY",1990,,,,,,,,"Alvin Josephy, Jr. Annotaged Bibliography",Wounded-Knee-Lest-We-Forget,book,record,listing,eng,,
josephy-ab078,,War on the Frontier: the Trans-Mississippi West,Alvin Josephy (co-editor),author;co-editor,,Time-Life Books,"Alexandria, VA",1986,,,,,,,,"Alvin Josephy, Jr. Annotaged Bibliography",War-on-the-Frontier-the-Trans-Mississippi-West,book,record,listing,eng,,
josephy-ab079,,The Civil War – War on the Frontier,Alvin Josephy Jr.,author;editor,,Time-Life Books,,1986,,,,,,,,"Alvin Josephy, Jr. Annotaged Bibliography",The-Civil-War-War-on-the-Frontier,book,record,listing,eng,,
josephy-ab080,,*A History of the Shoshone-Paiutes of the Duck Valley Indian Reservation,Alvin Josephy Jr. (co-editor),co-editor,,The Institute of the American West and Howe Brothers,"Salt Lake City, UT",1983,,,,,,,,"Alvin Josephy, Jr. Annotaged Bibliography",-A-History-of-the-Shoshone-Paiutes-of-the-Duck-Valley-Indian-Reservation,book,record,listing,eng,,
josephy-ab081,,American Heritage Book of Great Adventures of the Old West,,contributor,,American Heritage Publishing. Co.,"New York, NY",1969,,,,,,,,"Alvin Josephy, Jr. Annotaged Bibliography",American-Heritage-Book-of-Great-Adventures-of-the-Old-West,book contribution,record,listing,eng,,
josephy-ab082,,I Will Die an Indian,,contributor,,Institute of American West,,1980,,,,,,,,"Alvin Josephy, Jr. Annotaged Bibliography",I-Will-Die-an-Indian,book contribution,record,listing,eng,,
josephy-ab083,,My Favorite War Story,,contributor,,Whittlesey House,"New York, NY",1946,,,,,,,,"Alvin Josephy, Jr. Annotaged Bibliography",My-Favorite-War-Story,book contribution,record,listing,eng,,
josephy-ab084,,The Red Man’s West,,contributor,,Hastings House,"New York, NY",1965,,,,,,,,"Alvin Josephy, Jr. Annotaged Bibliography",The-Red-Man-s-West,book contribution,record,listing,eng,,
josephy-ab085,,Semper Fidelia,,contributor,,William Sloane Assoc.,"New York, NY",1959,,,,,,,,"Alvin Josephy, Jr. Annotaged Bibliography",Semper-Fidelia,book contribution,record,listing,eng,,
josephy-ab086,,Third Marine Division’s Two Score and Ten History,,contributor,,Turner Publishing Co.,"Paducah, KY",1992,,,,,,,,"Alvin Josephy, Jr. Annotaged Bibliography",Third-Marine-Division-s-Two-Score-and-Ten-History,book contribution,record,listing,eng,,
josephy-ab087,,The United States Marine Corps in World War II,,contributor,,Random House,"New York, NY",1969,,,,,,,,"Alvin Josephy, Jr. Annotaged Bibliography",The-United-States-Marine-Corps-in-World-War-II,book contribution,record,listing,eng,,
josephy-ab088,,Red Power: The American Indians Fight for Freedom,Alvin Josephy Jr. (ed),contributor;editor,,American Heritage Press and McGraw-Hill editions,"New York, NY",1971,,,,,,,,"Alvin Josephy, Jr. Annotaged Bibliography",Red-Power-The-American-Indians-Fight-for-Freedom,book edited,record,listing,eng,,
josephy-ab089,,Red Power: The American Indians Fight for Freedom (New Revised),Alvin Josephy Jr. (ed);Joane Nagel (ed);Troy Johnson (ed),contributor;editor,,University of Nebraska Press,"Lincoln, NE",1999,,,,,,,,"Alvin Josephy, Jr. Annotaged Bibliography",Red-Power-The-American-Indians-Fight-for-Freedom-New-Revised-,book edited,record,listing,eng,,
josephy-ab090,,The American Heritage Book of Indians,Alvin Josephy Jr. (ed),editor,,American Heritage Publishing. Co.,"New York, NY",1961,,,,,,,,"Alvin Josephy, Jr. Annotaged Bibliography",The-American-Heritage-Book-of-Indians,book edited,record,listing,eng,,
josephy-ab091,,American Heritage History of Business and Industry,Alvin Josephy Jr. (ed),editor,,American Heritage Publishing. Co.,"New York, NY",1972,,,,,,,,"Alvin Josephy, Jr. Annotaged Bibliography",American-Heritage-History-of-Business-and-Industry,book edited,record,listing,eng,,
josephy-ab092,,*The American Heritage History of Flight,Alvin Josephy Jr. (ed),editor,,American Heritage Publishing. Co.,"New York, NY",1963,,,,,,,,"Alvin Josephy, Jr. Annotaged Bibliography",-The-American-Heritage-History-of-Flight,book edited,record,listing,eng,,
josephy-ab093,,The American Heritage History of the Great West,Alvin Josephy Jr. (ed),editor,,American Heritage Publishing. Co.,"New York, NY",1965,,,,,,,,"Alvin Josephy, Jr. Annotaged Bibliography",The-American-Heritage-History-of-the-Great-West,book edited,record,listing,eng,,
josephy-ab094,,The American Heritage History of World War I,Alvin Josephy Jr. (ed),editor,,American Heritage Publishing. Co.,"New York, NY",1964,,,,,,,,"Alvin Josephy, Jr. Annotaged Bibliography",The-American-Heritage-History-of-World-War-I,book edited,record,listing,eng,,
josephy-ab095,,"Biography Series of American Indians [Sitting Bull, Hiawatha, Geronimo, Tecumseh, Sequoyah, and King Phillip]",Alvin Josephy Jr. (ed),editor,,Burdett Press,"Englewood Cliffs, NJ",1989,"Note: includes volumes on Sitting Bull, Hiawatha, Geronimo, Tecumseh, Sequoyah, and King Phillip",,,,,,,"Alvin Josephy, Jr. Annotaged Bibliography",Biography-Series-of-American-Indians-Sitting-Bull-Hiawatha-Geronimo-Tecumseh-Sequoyah-and-King-Phillip-,book edited,record,listing,eng,,
josephy-ab096,,The Birth of the National Park Service Vol. 2,Alvin Josephy Jr. (ed),editor,,Institute of American West Books,,1985,,,,,,,,"Alvin Josephy, Jr. Annotaged Bibliography",The-Birth-of-the-National-Park-Service-Vol-2,book edited,record,listing,eng,,
josephy-ab097,,*The Horizon History of Africa,Alvin Josephy Jr. (ed),editor,,American Heritage Publishing Co.,"New York, NY",1971,,,,,,,,"Alvin Josephy, Jr. Annotaged Bibliography",-The-Horizon-History-of-Africa,book edited,record,listing,eng,,
josephy-ab098,,The Horizon History of Vanishing Primitive Man,Alvin Josephy Jr. (ed),editor,,American Heritage Publishing Co.,"New York, NY",1973,,,,,,,,"Alvin Josephy, Jr. Annotaged Bibliography",The-Horizon-History-of-Vanishing-Primitive-Man,book edited,record,listing,eng,,
josephy-ab099,,The Law in America,Alvin Josephy Jr. (ed),editor,,American Heritage Publishing Co.,"New York, NY",1974,,,,,,,,"Alvin Josephy, Jr. Annotaged Bibliography",The-Law-in-America,book edited,record,listing,eng,,
josephy-ab100,,Lewis and Clark Through Indian Eyes,Alvin Josephy Jr. (ed),editor,,Vintage Books,"New York, NY",2007,Note: edited by AJ with Marc Jaffe,,,,,,,"Alvin Josephy, Jr. Annotaged Bibliography",Lewis-and-Clark-Through-Indian-Eyes,book edited,record,listing,eng,,
josephy-ab101,,The Pictorial History of the American Indian,Alvin Josephy Jr. (ed);Oliver LaFarge,editor,,Crown Publishers,"New York, NY",1974,"Note: (rewrote entire text for a revised, updated edition, AJ)",,,,,,,"Alvin Josephy, Jr. Annotaged Bibliography",The-Pictorial-History-of-the-American-Indian,book edited,record,listing,eng,,
josephy-ab102,,RFK: His Life and Death,Alvin Josephy Jr. (ed),editor,,Dell Publishing,"New York, NY",1968,,,,,,,,"Alvin Josephy, Jr. Annotaged Bibliography",RFK-His-Life-and-Death,book edited,record,listing,eng,,
josephy-ab103,,The American Heritage Book of Natural Wonders,Alvin Josephy Jr.,editor;co-author,,American Heritage Publishing. Co.,"New York, NY",1963,,,,,,,,"Alvin Josephy, Jr. Annotaged Bibliography",The-American-Heritage-Book-of-Natural-Wonders,book edited,record,listing,eng,,
josephy-ab104,,American Heritage Book of the Pioneer Spirit,Alvin Josephy Jr.,editor;co-author,,American Heritage Publishing. Co.,"New York, NY",1959,,,,,,,,"Alvin Josephy, Jr. Annotaged Bibliography",American-Heritage-Book-of-the-Pioneer-Spirit,book edited,record,listing,eng,,
josephy-ab105,,The American Heritage Pictorial Atlas of United States History,Alvin Josephy Jr.,editor;co-author,,American Heritage Publishing. Co.,"New York, NY",1966,,,,,,,,"Alvin Josephy, Jr. Annotaged Bibliography",The-American-Heritage-Pictorial-Atlas-of-United-States-History,book edited,record,listing,eng,,
josephy-ab106,,America in 1492: the World of the Indian Peoples Before the Arrival of Columbus,Frederick E. Hoxie (ed); Alvin Josephy Jr. (ed),editor;introduction,,Knopf,"New York, NY",1992,Note: developed by Frederick E. Hoxie ,,,,,,,"Alvin Josephy, Jr. Annotaged Bibliography",America-in-1492-the-World-of-the-Indian-Peoples-Before-the-Arrival-of-Columbus,book edited,record,listing,eng,,
josephy-ab107,,Indian Self-Rule,Kenneth R. Philp (ed),forward,,Howe Brothers,"Salt Lake City, UT",1987,,,,,,,,"Alvin Josephy, Jr. Annotaged Bibliography",Indian-Self-Rule,book forward,record,listing,eng,,
josephy-ab108,,Indians of the Pacific Northwest,Robert H. Ruby and John A. Brown,forward,,University of Oklahoma Press,"Norman, OK",1981,,,,,,,,"Alvin Josephy, Jr. Annotaged Bibliography",Indians-of-the-Pacific-Northwest,book forward,record,listing,eng,,
josephy-ab109,,Wounded Knee: A Personal Account,Stanley David Lyman,forward,,University of Nebraska Press,"Lincoln,Nebraska",1991,,,,,,,,"Alvin Josephy, Jr. Annotaged Bibliography",Wounded-Knee-A-Personal-Account,book forward,record,listing,eng,,
josephy-ab110,,Indian Water Policy in a Changing Environment,,forward,,"The American Indian Lawyer Training Program, Inc.","Oakland, CA",1982,,,,,,,,"Alvin Josephy, Jr. Annotaged Bibliography",Indian-Water-Policy-in-a-Changing-Environment,book forward,record,listing,eng,,
josephy-ab111,,Headed Upstream: Interviews with Iconoclasts,Jack Loffler,interviewee,,Herbinger House Inc.,"Tucson, AZ",1989,,,,,,,,"Alvin Josephy, Jr. Annotaged Bibliography",Headed-Upstream-Interviews-with-Iconoclasts,interview,record,listing,eng,,
josephy-ab112,,American Heritage Guide to Natural Wonders of America,,introduction,,American Heritage Publishing. Co.,"New York, NY",1972,,,,,,,,"Alvin Josephy, Jr. Annotaged Bibliography",American-Heritage-Guide-to-Natural-Wonders-of-America,book introduction,record,listing,eng,,
josephy-ab113,,"As Days Go By: Our History, Our Land, and Our People: The Cayuse, Umatilla, and Walla Walla",Jennifer Carson (ed),introduction,,Oregon Historical Society Press,"Portland, OR",2006,,,,,,,,"Alvin Josephy, Jr. Annotaged Bibliography",As-Days-Go-By-Our-History-Our-Land-and-Our-People-The-Cayuse-Umatilla-and-Walla-Walla,book introduction,record,listing,eng,,
josephy-ab114,,Gift of Power: The Life and Teachings of a Lakota Medicine Man,,introduction,,Bean & Co. Inc.,"Santa Fe, NM",1992,,,,,,,,"Alvin Josephy, Jr. Annotaged Bibliography",Gift-of-Power-The-Life-and-Teachings-of-a-Lakota-Medicine-Man,book introduction,record,listing,eng,,
josephy-ab115,,The Native Americans: An Illustrated History of North American Indians,,introduction,,Turner Publishing,"Atlanta, GA",1991,,,,,,,,"Alvin Josephy, Jr. Annotaged Bibliography",The-Native-Americans-An-Illustrated-History-of-North-American-Indians,book,record,listing,eng,,
josephy-ab116,,The New Encyclopedia of the American West,,introduction,,Yale University Press,"New Haven, CT",1998,,,,,,,,"Alvin Josephy, Jr. Annotaged Bibliography",The-New-Encyclopedia-of-the-American-West,book,record,listing,eng,,
josephy-ab117,,Oregon Trail,,introduction,,Bantam Books,"New York, NY",1966,Note: introductory Essay on Francis Parkman,,,,,,,"Alvin Josephy, Jr. Annotaged Bibliography",Oregon-Trail,book,record,listing,eng,,
josephy-ab118,,Portfolio of 19th Century David F. Barry Photographs of Sioux and Other Indians,Paul Harbaugh,introduction,,Paul Harbaugh,"Denver, CO",1982-02-01,,,,,,,,"Alvin Josephy, Jr. Annotaged Bibliography",Portfolio-of-19th-Century-David-F-Barry-Photographs-of-Sioux-and-Other-Indians,book,record,listing,eng,,
josephy-ab119,,Sitting Bull and the Battle of the Little Bighorn,Shelia F. Black,introduction,,Silver Burdett Press,"Englewood Cliffs, NJ",1989,,,,,,,,"Alvin Josephy, Jr. Annotaged Bibliography",Sitting-Bull-and-the-Battle-of-the-Little-Bighorn,book,record,listing,eng,,
josephy-ab120,,The World Almanac of the American West,John S. Bowman (ed),introduction,,World Almanac,,1986,,,,,,,,"Alvin Josephy, Jr. Annotaged Bibliography",The-World-Almanac-of-the-American-West,book,record,listing,eng,,
josephy-ab121,,Distortions of Indian History' in The Great Sioux Nation: Sitting in Judgment on America,Roxanne Dunbar Ortiz (ed),item:  'Distortions of Indian History',,University of Nebraska Press,"Lincoln, NE",2013,,,,,,,,"Alvin Josephy, Jr. Annotaged Bibliography",Distortions-of-Indian-History-in-The-Great-Sioux-Nation-Sitting-in-Judgment-on-America,book chapter/contribution,record,listing,eng,,
josephy-ab122,,'Banzi on Guam' in Combat Pacific Theater World War II,,item: 'Banzi on Guam',,Dell Publishing,"New York, NY",1958-12-01,,,,,,,,"Alvin Josephy, Jr. Annotaged Bibliography",-Banzi-on-Guam-in-Combat-Pacific-Theater-World-War-II,book chapter/contribution,record,listing,eng,,
josephy-ab123,,'Concise History of United States-Sioux Relations' in The Great Sioux Nation: Sitting in Judgment on America,Roxanne Dunbar Ortiz (ed),item: 'Concise History of United States-Sioux Relations',,Moon Books,"Berkley, CA",1977,,,,,,,,"Alvin Josephy, Jr. Annotaged Bibliography",-Concise-History-of-United-States-Sioux-Relations-in-The-Great-Sioux-Nation-Sitting-in-Judgment-on-America,book chapter/contribution,record,listing,eng,,
josephy-ab124,,'Geronimo: An Estimate' in *The American Biographical Encyclopedia,,item: 'Geronimo: An Estimate',,Harper & Roe,"New York, NY",1971,,,,,,,,"Alvin Josephy, Jr. Annotaged Bibliography",-Geronimo-An-Estimate-in-The-American-Biographical-Encyclopedia,book chapter/contribution,record,listing,eng,,
josephy-ab125,,'Indians and Whites: The English Colonies in *History of the United States,,item: 'Indians and Whites: The English Colonies,,Orbis Publishing Co.,London,1972-06-01,,,,,,,,"Alvin Josephy, Jr. Annotaged Bibliography",-Indians-and-Whites-The-English-Colonies-in-History-of-the-United-States,book chapter/contribution,record,listing,eng,,
josephy-ab126,,'Indians in History' in Annual Editions: Readings in American History,,item: 'Indians in History',,"The Dushkin Publishing Group, Inc.","Guilford, CT",1972,,,,,,,,"Alvin Josephy, Jr. Annotaged Bibliography",-Indians-in-History-in-Annual-Editions-Readings-in-American-History,book chapter/contribution,record,listing,eng,,
josephy-ab127,,'Modern America and the Indian' in Indians in American History,,item: 'Modern America and the Indian',,Harlan Davidson Inc.,"Arlington Heights, IL",1988,,,,,,,,"Alvin Josephy, Jr. Annotaged Bibliography",-Modern-America-and-the-Indian-in-Indians-in-American-History,book chapter/contribution,record,listing,eng,,
josephy-ab128,,'New England Indians: Then and Now' in The Pequots in Southern New England,,item: 'New England Indians: Then and Now',,University of Oklahoma Press,"Norman, OK",1993,,,,,,,,"Alvin Josephy, Jr. Annotaged Bibliography",-New-England-Indians-Then-and-Now-in-The-Pequots-in-Southern-New-England,book chapter/contribution,record,listing,eng,,
josephy-ab129,,'The American Indian and Freedom of Religion: An Historic Appraisal' in *The Changing Pacific Northwest,David H. Stratton and George A. Frykman (eds),item: 'The American Indian and Freedom of Religion: An Historic Appraisal',,Washington State University Press,"Pullman, WA",1988,"Note: written for the Washington State University Pettyjohn Distinguished Lecture, October 27, 1982",,,,,,,"Alvin Josephy, Jr. Annotaged Bibliography",-The-American-Indian-and-Freedom-of-Religion-An-Historic-Appraisal-in-The-Changing-Pacific-Northwest,book chapter/contribution,record,listing,eng,,
josephy-ab130,,'The American Indians' in Colliers Encyclopedia,,item: 'The American Indians',,Colliers,,1963,,,,,,,,"Alvin Josephy, Jr. Annotaged Bibliography",-The-American-Indians-in-Colliers-Encyclopedia,book chapter/contribution,record,listing,eng,,
josephy-ab131,,"'The Continuity Between the Old West and the New' in Proceedings of the American Antiquarian Society: A Journal of American History and Culture through 1876 Vol. 101, Part 1",,item: 'The Continuity Between the Old West and the New',,American Antiquarian Society,"Worcester, MA",1991,,,,,,,,"Alvin Josephy, Jr. Annotaged Bibliography",-The-Continuity-Between-the-Old-West-and-the-New-in-Proceedings-of-the-American-Antiquarian-Society-A-Journal-of-American-History-and-Culture-through-1876-Vol-101-Part-1,book chapter/contribution,record,listing,eng,,
josephy-ab132,,'The Last Stand of Chief Joseph' in The Sweep of American History Vol. II,,item: 'The Last Stand of Chief Joseph',,"John Wiley & Sons, Inc.",,1974,,,,,,,,"Alvin Josephy, Jr. Annotaged Bibliography",-The-Last-Stand-of-Chief-Joseph-in-The-Sweep-of-American-History-Vol-II,book chapter/contribution,record,listing,eng,,
josephy-ab133,,'The Murder of the Southwest' in What We Save Now,Les Line(ed),item: 'The Murder of the Southwest',,Houghton Mifflin Co.,Boston,1973,,,,,,,,"Alvin Josephy, Jr. Annotaged Bibliography",-The-Murder-of-the-Southwest-in-What-We-Save-Now,book chapter/contribution,record,listing,eng,,
josephy-ab134,,'The Poet Beyond Black Elk' in A Sender of Words,Vine Deloria Jr.,item: 'The Poet Beyond Black Elk',,Howe Brothers,"Salt Lake City, UT",1984,,,,,,,,"Alvin Josephy, Jr. Annotaged Bibliography",-The-Poet-Beyond-Black-Elk-in-A-Sender-of-Words,book chapter/contribution,record,listing,eng,,
josephy-ab135,,'The Walla Walla Council of 1855' in The Western American Indian: Case Studies in Tribal History,,item: 'The Walla Walla Council of 1855',,University of Nebraska Press,"Lincoln,Nebraska",1972,,,,,,,,"Alvin Josephy, Jr. Annotaged Bibliography",-The-Walla-Walla-Council-of-1855-in-The-Western-American-Indian-Case-Studies-in-Tribal-History,book chapter/contribution,record,listing,eng,,
josephy-ab136,,'They Died with Their Boots On' in Past Imperfect: History According to the Movies,,item: 'They Died with Their Boots On',,Henry Holt & Co.,,1995,Note: in A Society of American Historical Books,,,,,,,"Alvin Josephy, Jr. Annotaged Bibliography",-They-Died-with-Their-Boots-On-in-Past-Imperfect-History-According-to-the-Movies,book chapter/contribution,record,listing,eng,,
josephy-ab137,,'Toward Freedom: The American Indian in the Twentieth Century' in Lectures 1970-1971: American Indian Policy,,item: 'Toward Freedom: The American Indian in the Twentieth Century',,Indiana Historical Society,"Indianapolis, IN",1971,,,,,,,,"Alvin Josephy, Jr. Annotaged Bibliography",-Toward-Freedom-The-American-Indian-in-the-Twentieth-Century-in-Lectures-1970-1971-American-Indian-Policy,book chapter/contribution,record,listing,eng,,
josephy-ab138,,'Victor and Vanquished' in The American Destiny Vol. I,Henry Steele Commager (ed),item: 'Victor and Vanquished',,The Danbury Press,CT,1975,,,,,,,,"Alvin Josephy, Jr. Annotaged Bibliography",-Victor-and-Vanquished-in-The-American-Destiny-Vol-I,book chapter/contribution,record,listing,eng,,
josephy-ab139,,'Indians and the Energy Crisis' in *The Handbook of Indians of North America Vol. 2,,item: 'Indians and the Energy Crisis',,Smithsonian Institution,"Washington, DC",1978-10-01,,,,,,,,"Alvin Josephy, Jr. Annotaged Bibliography",-Indians-and-the-Energy-Crisis-in-The-Handbook-of-Indians-of-North-America-Vol-2,book chapter/contribution,record,listing,eng,,
josephy-ab140,,'One Third of the Nation’s Land' in Report to the President and Congress,,item: 'One Third of the Nation’s Land',,,,1970-06-01,,,,,,,,"Alvin Josephy, Jr. Annotaged Bibliography",-One-Third-of-the-Nation-s-Land-in-Report-to-the-President-and-Congress,book chapter/contribution,record,listing,eng,,
josephy-ab141,,'Some Aspects of Twentieth-Century Federal Indian Policy' in Indian-White Relations: A Persistent Paradox,Jane F. Smith and Robert Kvasnicka (eds),item: 'Some Aspects of Twentieth-Century Federal Indian Policy',,Howard University Press,"Washington, DC",1976,,,,,,,,"Alvin Josephy, Jr. Annotaged Bibliography",-Some-Aspects-of-Twentieth-Century-Federal-Indian-Policy-in-Indian-White-Relations-A-Persistent-Paradox,book chapter/contribution,record,listing,eng,,
josephy-ab142,,Reference Encyclopedia of the American Indian,,included,,B. Klein and Co.,,1967,"Note: AJ included in Who’s Who"" section of prominent Indians and non-Indians active in Indian affairs and writers of their history""",,,,,,,"Alvin Josephy, Jr. Annotaged Bibliography",Reference-Encyclopedia-of-the-American-Indian,biographical entry,record,listing,eng,,
